http://www.espn.com/,200
http://www.espn.com/mlb/story/_/id/17704088/walt-weiss-steps-4-seasons-manager-colorado-rockies,200
http://www.espn.com/nfl/story/_/id/17707505/buffalo-bills-coach-rex-ryan-says-was-messing-new-england-patriots,200
http://www.espn.com/college-football/story/_/id/17698637/flipping-field-watches-two-games-clemson-tigers-deshaun-watson-louisville-cardinals-lamar-jackson-saturday-remember,200
http://www.espn.com/mlb/story/_/page/playoffs16_schedule/2016-mlb-playoff-schedule,200
http://www.espn.com/blog/pac12/post/_/id/104545/oregon-to-wear-webfoots-uniform-against-washington,200
http://www.espn.com/espn/feature/story/_/id/17671554/phil-coyne-pittsburgh-98-year-old-usher,200
http://www.espn.com/nba/story/_/id/17690564/nba-jimmy-butler-ready-spotlight,200
http://www.espn.com/nfl/,200
http://www.espn.com/golf/rydercup16/story/_/id/17693836/ryder-cup-2016-how-bold-changes-helped-americans-end-cup-drought,200
http://www.espn.com/college-football/story/_/id/17701529/lsu-tigers-ed-orgeron-starts-dream-job-audition-win,200
http://www.espn.com/nfl/story/_/id/17700077/dez-bryant-dallas-cowboys-response-america-most-hated,200
http://www.espn.com/college-sports/football/recruiting/,200
http://www.espn.com/golf/rydercup16/story/_/id/17693837/davis-love-iii-strikes-perfect-balance-us-ryder-cup-victory,200
http://www.espn.com/racing/nascar/,200
http://www.espn.com/atp/,404
http://www.espn.com/golf/story/_/id/17681582/ryder-cup-2016-our-most-memorable-moments-hazeltine,200
http://www.espn.com/golf/rydercup16/story/_/id/17694377/four-ball-patrick-reed-rules-other-things-learned-us-ryder-cup-victory,200
http://www.espn.com/wwe/,200
http://www.espn.com/nba/team/_/name/chi/chicago-bulls,200
http://www.espn.com/racing/,200
http://www.espn.com/extra/specialolympics/,200
http://www.espn.com/esports/,200
http://www.espn.com/blog/minnesota-vikings/post/_/id/20531/the-stunning-three-year-transformation-of-the-vikings-defense,200
http://www.espn.com/blog/onenacion/post/_/id/5496/what-it-means-to-be-a-truly-bilingual-bicultural-latino-sports-fan,200
http://www.espn.com/video/clip?id=17705834,200
http://www.espn.com/blog/big12/post/_/id/115214/after-another-coordinator-move-charlie-strongs-job-on-line-at-texas,200
http://www.espn.com/fantasy/,200
http://www.espn.com/mens-college-basketball/,200
http://www.espn.com/nfl/insider/story/_/id/17695819/jon-gruden-mnf-preview-matchup-minnesota-vikings-qb-sam-bradford-new-york-giants-steve-spagnuolo,200
http://www.espn.com/mma/,200
http://www.espn.com/mlb/story/_/page/playoffs16_myths/the-biggest-myths-october-baseball-debunked,200
http://www.espn.com/mlb/story/_/id/17703586/chicago-white-sox-name-rick-renteria-new-manager,200
http://www.espn.com/college-football/,200
http://www.espn.com/nfl/team/_/name/wsh/washington-redskins,200
http://www.espn.com/nba/team/_/name/lac/la-clippers,200
http://www.espn.com/nba/story/_/id/17686241/best-training-camp-my-career,200
http://www.espn.com/nba/story/_/id/17671949/nba-golden-state-warriors-offense-adjusting-kevin-durant,200
http://www.espn.com/nba/team/_/name/phi/philadelphia-76ers,200
http://www.espn.com/blog/golden-state-warriors/post/_/id/2385/warriors-a-bit-disjointed-in-kevin-durants-preseason-debut,200
http://www.espn.com/nba/story/_/page/draft17index/complete-coverage-2017-nba-draft,200
http://www.espn.com/blog/truehoop,200
http://www.espn.com/nba/coaches,200
http://www.espn.com/nba/tradeMachine,200
http://www.espn.com/nba/story/_/id/17678246/basic-concepts-not-math-heart-sports-analytics,200
http://www.espn.com/nba/salaries,200
http://www.espn.com/nba/team/_/name/tor/toronto-raptors,200
http://www.espn.com/nba/team/_/name/cle/cleveland-cavaliers,200
http://www.espn.com/nba/story/_/id/17690570/lebron-james-signed-rookie-card-sells-312000,200
http://www.espn.com/mlb/story/_/id/12611338/mlb-blogs,200
http://www.espn.com/mlb/injuries,200
http://www.espn.com/mlb/story/_/id/17698902/dj-lemahieu-colorado-rockies-wins-nl-batting-title-sitting-out,200
http://www.espn.com/mlb/story/_/id/17706388/mark-mcgwire-bud-selig-george-steinbrenner-new-hall-fame-ballot,200
http://www.espn.com/mlb/story/_/page/playoffs16_home/complete-coverage-every-series,200
http://www.espn.com/blog/mlb/rumors,200
http://www.espn.com/video/category?id=6304012,200
http://www.espn.com/mlb/story/_/page/allstar2016_home/2016-all-star-game,200
http://www.espn.com/mlb/team/_/name/col/colorado-rockies,200
http://www.espn.com/mlb/history,200
http://www.espn.com/mlb/team/_/name/nyy/new-york-yankees,200
http://www.espn.com/mlb/story/_/id/17692834/updates-baseball-wild-final-day,200
http://www.espn.com/mlb/lines,200
http://www.espn.com/mlb/player/_/id/31261/nolan-arenado,200
http://www.espn.com/video/clip?id=17671927,200
http://www.espn.com/espnradio/play?id=17672476,200
http://www.espn.com/video/clip?id=17708019,200
http://www.espn.com/video/clip?id=17689453,200
http://www.espn.com/horse-racing/story/_/id/17677570/betting-frontrunner-20-budget,200
http://www.espn.com/nba/team/rankings/_/name/okc,200
http://www.espn.com/blog/okc-thunder/post/_/id/1849/westbrook-its-important-that-i-make-a-stand-on-social-issues,200
http://www.espn.com/nba/story/_/id/17623322/oklahoma-city-thunder-begin-turn-page-kevin-durant,200
http://www.espn.com/video/clip?id=17677784,200
http://www.espn.com/nba/team/_/name/den,200
http://www.espn.com/nba/team/photos/_/name/okc,200
http://www.espn.com/nba/story/_/id/17669581/oklahoma-city-thunder-cameron-payne-acute-fracture-right-foot,200
http://www.espn.com/nba/team/stadium/_/name/okc,200
http://www.espn.com/nba/team/stats/_/name/okc,200
http://www.espn.com/nba/game?gameId=400899361,200
http://www.espn.com/nba/story/_/id/17604715/nba-power-rankings-training-camp-edition,200
http://www.espn.com/nba/player/_/id/2991235,200
http://www.espn.com/nba/team/_/name/min,200
http://www.espn.com/nba/team/_/name/por,200
http://www.espn.com/nba/team/transactions/_/name/okc,200
http://www.espn.com/espnradio/play?id=17619704,200
http://www.espn.com/nba/team/_/name/utah,200
http://www.espn.com/nba/game?gameId=400897113,200
http://www.espn.com/nba/game?gameId=400897115,200
http://www.espn.com/video/clip?id=17619862,200
http://www.espn.com/blog/okc-thunder/post/_/id/1862/only-preseason-but-post-durant-drama-already-has-begun-for-thunder,200
http://www.espn.com/nba/team/_/name/okc,200
http://www.espn.com/nba/team/roster/_/name/okc,200
http://www.espn.com/nba/team/schedule/_/name/okc,200
http://www.espn.com/video/clip?id=17658843,200
http://www.espn.com/nba/story/_/id/17620964/oklahoma-city-thunder-russell-westbrook-says-spoken-ex-teammate-kevin-durant,200
http://www.espn.com/video/clip?id=17619849,200
http://www.espn.com/video/clip?id=17620140,200
http://www.espn.com/nba/team/depth/_/name/okc,200
http://www.espn.com/video/clip?id=17620023,200
http://www.espn.com/video/clip?id=17619042,200
http://www.espn.com/nba/injuries/_/team/okc,200
http://www.espn.com/horse-racing/story/_/id/17670522/no-jail-charles-borell-plea-deal,200
http://www.espn.com/horse-racing/story/_/id/17690017/stellar-wind-too-stiff-beholder-zenyatta-stakes,200
http://www.espn.com/horse-racing/story/_/id/17677555/make-money-betting-california-chrome-awesome-again,200
http://www.espn.com/horse-racing/story/_/id/17670986/california-chrome-ready-put-show-awesome-again,200
http://www.espn.com/horse-racing/story/_/id/17688257/forever-unbridled-justifies-decision-run-beldame,200
http://www.espn.com/horse-racing/story/_/id/17688378/gormley-left-alone-lead-frontrunner,200
http://www.espn.com/horse/VirtualHorseRacing.html,200
http://www.espn.com/horse-racing/story/_/id/14714444/horse-racing-daily-racing-form-race-entries,200
http://www.espn.com/horse-racing/story/_/id/17670210/road-breeders-cup-three-heating-three-cooling-down,200
http://www.espn.com/horse-racing/story/_/id/17688818/chrome-beats-dortmund-again-awesome-again,200
http://www.espn.com/horse-racing/story/_/id/17688711/ectot-beats-flintshire-win-joe-hirsch-turf,200
http://www.espn.com/horse-racing/story/_/id/17687507/materiality-euthanized-due-laminitis,200
http://www.espn.com/horse-racing/story/_/id/17671157/beholder-seeks-snap-mini-slump-zenyatta-stakes,200
http://www.espn.com/horse-racing/story/_/id/17688621/tom-ready-takes-ack-ack-runhappy-runs-fourth,200
http://www.espn.com/horse-racing/story/_/id/17633456/songbird-confirms-simply-sensational,200
http://www.espn.com/video/clip?id=17672000,200
http://www.espn.com/horse-racing/story/_/id/17670817/sadler-lining-shots-long-short,200
http://www.espn.com/video/clip?id=17671950,200
http://www.espn.com/espnradio/play?id=17647645,200
http://www.espn.com/video/clip?id=17689428,200
http://www.espn.com/video/clip?id=17708069,200
http://www.espn.com/video/clip?id=17680208,200
http://www.espn.com/video/clip?id=17671901,200
http://www.espn.com/video/clip?id=17708061,200
http://www.espn.com/video/clip?id=17708064,200
http://www.espn.com/sports/horse/VirtualHorseRacing,200
http://www.espn.com/horse-racing/story/_/id/17704552/positive-reviews-santa-anita-new-turf-course,200
http://www.espn.com/video/clip?id=17651229,200
http://www.espn.com/video/clip?id=17708054,200
http://www.espn.com/video/clip?id=17708057,200
http://www.espn.com/video/clip?id=17671977,200
http://www.espn.com/video/clip?id=17671973,200
http://www.espn.com/video/clip?id=17663975,200
http://www.espn.com/horse-racing/story/_/id/17677448/two-worlds-horse-racing-collide-saturday,200
http://www.espn.com/video/clip?id=17663974,200
http://www.espn.com/video/clip?id=17663972,200
http://www.espn.com/horse-racing/story/_/id/17671328/mirahmadi-call-races-golden-gate-fields,200
http://www.espn.com/horse-racing/story/_/id/17704470/frosted-belongs-breeders-cup-classic,200
http://www.espn.com/horse-racing/story/_/id/17688358/joking-punches-ticket-bc-sprint-vosburgh-win,200
http://www.espn.com/horse-racing/story/_/id/17664042/sherman-ready-make-chrome-awesome-again,200
http://www.espn.com/horse-racing/story/_/id/17669830/making-money-betting-beholder-zenyatta-stakes,200
http://www.espn.com/video/clip?id=17688185,200
http://www.espn.com/horse-racing/story/_/id/17688503/paulassilverlining-triumphs-gallant-bloom-cap,200
http://www.espn.com/horse-racing/story/_/id/17669527/eleven-fast-facts-california-chrome,200
http://www.espn.com/video/clip?id=17708030,200
http://www.espn.com/video/clip?id=17708027,200
http://www.espn.com/video/clip?id=17708023,200
http://www.espn.com/video/clip?id=17651372,200
http://www.espn.com/horse-racing/story/_/id/14714461/horse-racing-daily-racing-form-race-results,200
http://www.espn.com/video/clip?id=17708020,200
http://www.espn.com/video/clip?id=17643925,200
http://www.espn.com/nba/boxscore/_/id/400829045,200
http://www.espn.com/video/clip?ex_cid=espnapi_public&id=17643925,200
http://www.espn.com/nba/player/_/id/3456/view/video,200
http://www.espn.com/nba/story/_/id/17654033/derrick-rose-new-york-knicks-wants-make-game-easier-carmelo-anthony?ex_cid=espnapi_public,200
http://www.espn.com/nba/player/_/id/3456/view/status%20alerts,200
http://www.espn.com/nba/boxscore/_/id/400829061,200
http://www.espn.com/nba/boxscore/_/id/400829109,200
http://www.espn.com/nba/conversation/_/id/400899170,200
http://www.espn.com/nba/boxscore/_/id/400829078,200
http://www.espn.com/nba/player/gamelog/_/id/3456/derrick-rose,200
http://www.espn.com/nba/player/videos/_/id/3456/derrick-rose,200
http://www.espn.com/nba/story/_/id/17661779/attorneys-new-york-knicks-guard-derrick-rose-say-lapd-investigation-news?ex_cid=espnapi_public,200
http://www.espn.com/nba/player/photos/_/id/3456/derrick-rose,200
http://www.espn.com/nba/boxscore/_/id/400829095,200
http://www.espn.com/nba/story/_/id/17686241/best-training-camp-my-career?ex_cid=espnapi_public,200
http://www.espn.com/video/clip?id=17687012,200
http://www.espn.com/nba/player/splits/_/id/3456/derrick-rose,200
http://www.espn.com/video/clip?ex_cid=espnapi_public&id=17687012,200
http://www.espn.com/nba/player/_/id/3456/start/11,200
http://www.espn.com/nba/story/_/id/17670002/judge-issues-temporary-gag-order-derrick-rose-rape-lawsuit?ex_cid=espnapi_public,200
http://www.espn.com/nba/player/_/id/3456/view/audio,200
http://www.espn.com/nba/team/_/name/mem/memphis-grizzlies,200
http://www.espn.com/nba/player/stats/_/id/3456/derrick-rose,200
http://www.espn.com/nba/team/_/name/no/new-orleans-pelicans,200
http://www.espn.com/mlb/recap?gameId=360926118,200
http://www.espn.com/mlb/team/photos/_/name/sea,200
http://www.espn.com/mlb/team/_/name/laa,200
http://www.espn.com/mlb/recap?gameId=360917112,200
http://www.espn.com/mlb/recap?gameId=360912103,200
http://www.espn.com/mlb/player/_/id/6242,200
http://www.espn.com/mlb/recap?gameId=360906112,200
http://www.espn.com/mlb/recap?gameId=360909111,200
http://www.espn.com/blog/sweetspot/post/_/id/74369/mariners-late-push-falls-short-as-playoff-hopes-end,200
http://www.espn.com/mlb/recap?gameId=361002112,200
http://www.espn.com/mlb/recap?gameId=360920112,200
http://www.espn.com/mlb/recap?gameId=360928118,200
http://www.espn.com/mlb/recap?gameId=360923109,200
http://www.espn.com/video/clip?id=17690065,200
http://www.espn.com/mlb/recap?gameId=360919112,200
http://www.espn.com/mlb/team/_/name/sea,200
http://www.espn.com/mlb/team/_/name/hou,200
http://www.espn.com/mlb/recap?gameId=360911111,200
http://www.espn.com/mlb/recap?gameId=360914103,200
http://www.espn.com/mlb/team/rankings/_/name/sea,200
http://www.espn.com/mlb/recap?gameId=360908112,200
http://www.espn.com/mlb/team/_/name/tex,200
http://www.espn.com/blog/sweetspot/post/_/id/74319/what-we-learned-mets-clinch-three-other-wild-card-spots-up-for-grabs,200
http://www.espn.com/mlb/player/_/id/30965,200
http://www.espn.com/mlb/team/stadium/_/name/sea,200
http://www.espn.com/mlb/team/stats/batting/_/name/sea,200
http://www.espn.com/mlb/team/schedule/_/name/sea,200
http://www.espn.com/mlb/recap?gameId=360907112,200
http://www.espn.com/mlb/recap?gameId=360925109,200
http://www.espn.com/blog/the-gms-office/insider/post?id=13128,200
http://www.espn.com/mlb/team/_/name/oak,200
http://www.espn.com/mlb/player/_/id/6204,200
http://www.espn.com/mlb/recap?gameId=360927118,200
http://www.espn.com/mlb/team/depth/_/name/sea,200
http://www.espn.com/mlb/recap?gameId=360916112,200
http://www.espn.com/mlb/team/transactions/_/name/sea,200
http://www.espn.com/mlb/history/teams/_/team/sea,200
http://www.espn.com/mlb/recap?gameId=360930112,200
http://www.espn.com/mlb/team/roster/_/name/sea,200
http://www.espn.com/video/clip?id=17699117,200
http://www.espn.com/mlb/recap?gameId=361001112,200
http://www.espn.com/video/clip?id=17689739,200
http://www.espn.com/mlb/recap?gameId=360929112,200
http://www.espn.com/mlb/recap?gameId=360921112,200
http://www.espn.com/mlb/recap?gameId=360924109,200
http://www.espn.com/mlb/recap?gameId=360918112,200
http://www.espn.com/mlb/recap?gameId=360910111,200
http://www.espn.com/mlb/recap?gameId=360913103,200
http://www.espn.com/blog/sweetspot/post/_/id/74274/how-to-spend-the-perfect-saturday-of-wild-card-baseball,200
http://www.espn.com/espnradio/play?id=17561446,200
http://www.espn.com/espnradio/play?id=17602119,200
http://www.espn.com/espnradio/,200
http://www.espn.com/espnradio/news/story?page=radiophotos,200
http://www.espn.com/espnradio/play?id=17552446,200
http://www.espn.com/espnradio/shows,200
http://www.espn.com/espnradio/contest/,200
http://www.espn.com/espnradio/play?id=17676816,200
http://www.espn.com/espnradio/play?s=espn,200
http://www.espn.com/espnradio/play?id=17650442,200
http://www.espn.com/espnradio/play?id=17659191,200
http://www.espn.com/espnradio/play?id=17703871,200
http://www.espn.com/espnradio/play?id=17536820,200
http://www.espn.com/espnradio/play?id=17618326,200
http://www.espn.com/espnradio/play?id=17677219,200
http://www.espn.com/espnradio/play?id=17545258,200
http://www.espn.com/espnradio/play?id=17609854,200
http://www.espn.com/espnradio/play?id=17703589,200
http://www.espn.com/espnradio/podcast/feedback,200
http://www.espn.com/espnradio/play?id=17667887,200
http://www.espn.com/espnradio/play?id=17562384,200
http://www.espn.com/espnradio/affiliate,200
http://www.espn.com/espnradio/play?id=17594599,200
http://www.espn.com/espnradio/play?id=17602270,200
http://www.espn.com/espnradio/play?id=17544983,200
http://www.espn.com/espnradio/podcast/archive/_/id/2386164,200
http://www.espn.com/espnradio/podcast/,200
http://www.espn.com/espnradio/play?id=17536695,200
http://www.espn.com/espnradio/play?id=17586677,200
http://www.espn.com/espnradio/play?id=17618478,200
http://www.espn.com/espnradio/schedule,200
http://www.espn.com/espnradio/play?id=17641931,200
http://www.espn.com/espnradio/play?id=17642157,200
http://www.espn.com/espnradio/play?id=17586483,200
http://www.espn.com/espnradio/play?id=17650332,200
http://www.espn.com/espnradio/play?id=17553096,200
http://www.espn.com/espnradio/play?id=17659445,200
http://www.espn.com/espnradio/play?id=17610807,200
http://www.espn.com/espnradio/play?id=17668263,200
http://www.espn.com/espnradio/play?id=17594830,200
http://www.espn.com/mlb/story/_/id/17696069/red-sox-decline-send-pomeranz-back-san-diego,200
http://www.espn.com/mlb/player/_/id/3748/david-ortiz,200
http://www.espn.com/blog/the-gms-office/insider/post?id=13145,200
http://www.espn.com/mlb/story/_/page/QTP_161002ortizad/ad-boston-globe-pays-tribute-boston-red-sox-david-ortiz,200
http://www.espn.com/blog/boston/red-sox/post/_/id/51195/five-questions-facing-the-red-sox-in-the-postseason,200
http://www.espn.com/mlb/story/_/id/17696977/boston-red-sox-pull-stops-david-ortiz-final-regular-season-game-team,200
http://www.espn.com/mlb/team/_/name/sea/seattle-mariners,200
http://www.espn.com/mlb/team/_/name/hou/houston-astros,200
http://www.espn.com/mlb/team/_/name/lad/los-angeles-dodgers,200
http://www.espn.com/mlb/team/_/name/pit/pittsburgh-pirates,200
http://www.espn.com/mlb/standings/_/type/wild-card,200
http://www.espn.com/mlb/team/_/name/sf/san-francisco-giants,200
http://www.espn.com/mlb/team/_/name/tor/toronto-blue-jays,200
http://www.espn.com/mlb/team/_/name/stl/st.-louis-cardinals,200
http://www.espn.com/mlb/team/_/name/det/detroit-tigers,200
http://www.espn.com/mlb/team/_/name/cle/cleveland-indians,200
http://www.espn.com/mlb/team/_/name/nym/new-york-mets,200
http://www.espn.com/mlb/team/_/name/tex/texas-rangers,200
http://www.espn.com/wnba/team/_/name/la/los-angeles-sparks,200
http://www.espn.com/womens-college-basketball/team/_/id/21/san-diego-state-aztecs,200
http://www.espn.com/womens-college-basketball/teams,200
http://www.espn.com/wnba/story/_/id/17698826/imani-boyette-helps-chicago-sky-extend-series-los-angeles-sparks,200
http://www.espn.com/wnba/story/_/id/17650159/wnba-veteran-delisha-milton-jones-retires-ready-next-phase,200
http://www.espn.com/espnw/sports/article/17652728/louisville-cardinals-land-verbal-commitment-elite-point-guard-dana-evans,200
http://www.espn.com/wnba/team/_/name/phx/phoenix-mercury,200
http://www.espn.com/womens-college-basketball/team/_/id/52/florida-state-seminoles,200
http://www.espn.com/espnw/culture/the-buzz/article/17662810/angel-mccoughtry-ice-cream-shop,200
http://www.espn.com/espnw/sports/article/17667712/syracuse-orange-basketball-recruit-nikki-oppenheimer-brings-bit-puerto-rico-back-montini-catholic,200
http://www.espn.com/womens-college-basketball/story/_/id/17620596/many-women-hoops-coaches-boycotting-fall-evaluation-period-recruiting-calendar-rising-costs,200
http://www.espn.com/womens-college-basketball/story/_/page/womensncaatournament/2016-women-ncaa-tournament-news-march-madness,200
http://www.espn.com/wnba/story/_/id/17607981/wnba-players-applauded-taking-stand-issues,200
http://www.espn.com/espnw/sports/article/17633448/tennessee-lady-vols-secure-verbal-commitment-top-state-prospect-anastasia-hayes,200
http://www.espn.com/wnba/story/_/id/17676866/minnesota-lynx-center-sylvia-fowles-named-wnba-defensive-player-year-third,200
http://www.espn.com/wnba/story/_/id/17650912/top-seeds-minnesota-lynx-los-angeles-sparks-look-hold-challengers,200
http://www.espn.com/espnw/culture/the-buzz/article/17571041/tennessee-band-pays-tribute-legendary-coach-pat-summitt,200
http://www.espn.com/wnba/story/_/id/17607347/tamika-catchings-retires-competes-right-end,200
http://www.espn.com/wnba/story/_/id/17665112/san-antonio-stars-wins-wnba-draft-lottery-washington-mystics-get-2nd-pick,200
http://www.espn.com/womens-college-basketball/team/_/id/24/stanford-cardinal,200
http://www.espn.com/womens-college-basketball/team/_/id/251/texas-longhorns,200
http://www.espn.com/wnba/story/_/id/17667231/breanna-stewart-seattle-storm-named-wnba-rookie-year,200
http://www.espn.com/wnba/teams,200
http://www.espn.com/wnba/story/_/id/17600263/elizabeth-williams-atlanta-dream-named-2016-wnba-most-improved-player,200
http://www.espn.com/womens-college-basketball/story/_/id/17622354/ncaa-grants-florida-state-chatrice-white-immediate-eligibility,200
http://www.espn.com/womens-college-basketball/story/_/id/17665754/beth-burns-wins-34-million-judgment-san-diego-state,200
http://www.espn.com/wnba/team/_/name/sea/seattle-storm,200
http://www.espn.com/womens-college-basketball/team/_/id/152/nc-state-wolfpack,200
http://www.espn.com/wnba/story/_/id/17701091/penny-taylor-caps-career-phoenix-mercury-eliminated,200
http://www.espn.com/womens-college-basketball/statistics,200
http://www.espn.com/wnba/story/_/id/17631647/streaking-phoenix-mercury-face-top-seeded-minnesota-lynx-wnba-semifinals,200
http://www.espn.com/wnba/story/_/id/17540545/why-los-angeles-sparks-nneka-ogwumike-win-wnba-mvp,200
http://www.espn.com/wnba/story/_/id/17654995/no-matter-how-look-nneka-ogwumike-right-pick-mvp,200
http://www.espn.com/wnba/story/_/id/17584662/2016-wnba-playoff-schedule-results,200
http://www.espn.com/espnw/voices/article/17615567/around-rim-podcast-new-playoff-era-begun,200
http://www.espn.com/womens-college-basketball/schedule,200
http://www.espn.com/wnba/story/_/id/17666755/chicago-sky-no-answers-los-angeles-sparks-nneka-ogwumike-candace-parker,200
http://www.espn.com/wnba/team/_/name/atl/atlanta-dream,200
http://www.espn.com/wnba/schedule,200
http://www.espn.com/wnba/story/_/id/17666002/lindsay-whalen-minnesota-lynx-right-home-game-1-win-phoenix-mercury,200
http://www.espn.com/womens-college-basketball/scoreboard,200
http://www.espn.com/wnba/story/_/id/17654462/nneka-ogwumike-los-angeles-sparks-named-wnba-mvp-2016-season,200
http://www.espn.com/wnba/team/_/name/sa/san-antonio-stars,200
http://www.espn.com/espnw/culture/the-buzz/article/17597575/tamika-catchings-discovers-moving-note-pat-summitt,200
http://www.espn.com/espnw/sports/article/17547683/espnw-hoopgurlz-recruiting-rankings-four-high-school-classes,200
http://www.espn.com/wnba/story/_/id/17657057/wnba-honors-ex-us-treasurer-rosie-rios-inspiring-women-award,200
http://www.espn.com/wnba/team/_/name/ny/new-york-liberty,200
http://www.espn.com/espnw/sports/article/17549517/freshman-deyona-gaston-tops-espnw-hoopgurlz-watch-list-2020-women-basketball-recruiting-class,200
http://www.espn.com/wnba/team/_/name/ind/indiana-fever,200
http://www.espn.com/wnba/story/_/id/17500431/when-sheryl-swoopes-was-best-there-was-better,200
http://www.espn.com/blog/nba/post/_/id/24002/mondays-blazers-news-lillard-says-players-will-continue-to-huddle-during-future-national-anthems,200
http://www.espn.com/blog/nba/post/_/id/23967/mondays-hawks-news-why-there-was-a-need-to-sign-pg-josh-magette,200
http://www.espn.com/blog/nba/post/_/id/23984/mondays-wizards-news-trey-burke-ready-for-bounce-back-season,200
http://www.espn.com/nba/player/_/id/3924880/diamond-stone,200
http://www.espn.com/nba/player/_/id/2745/brandon-bass,200
http://www.espn.com/blog/nba/post/_/id/24009/mondays-suns-news-t-j-warren-ready-for-first-game-action-since-january,200
http://www.espn.com/nba/player/_/id/3442/deandre-jordan,200
http://www.espn.com/blog/nba/post/_/id/23991/mondays-pacers-news-why-c-j-miles-changed-his-offseason-workout-program,200
http://www.espn.com/blog/nba/post/_/id/23979/mondays-heat-news-with-bosh-wade-gone-who-takes-big-shots-late-in-close-games,200
http://www.espn.com/blog/nba/post/_/id/23998/mondays-wolves-news-tyus-jones-looking-to-build-on-strong-summer,200
http://www.espn.com/blog/nba/post/_/id/23996/mondays-pistons-news-improved-defense-a-top-priority-during-preseason,200
http://www.espn.com/blog/nba,200
http://www.espn.com/blog/nba/post/_/id/23993/mondays-bucks-news-playing-rotation-will-be-sorted-out-during-preseason,200
http://www.espn.com/blog/nba/post/_/id/24007/mondays-jazz-news-players-eager-to-start-preseason-games,200
http://www.espn.com/blog/nba/post/_/id/23986/mondays-sixers-news-focus-moves-to-dario-saric-with-ben-simmons-sidelined,200
http://www.espn.com/blog/nba/post/_/id/23989/mondays-raptors-news-youngsters-impress-in-first-preseason-game,200
http://www.espn.com/nba/player/_/id/3989/blake-griffin,200
http://www.espn.com/nba/player/_/id/2982330/brice-johnson,200
http://www.espn.com/blog/nba/post/_/id/24013/mondays-lakers-news-timofey-mozgov-insists-his-knee-is-fully-healed,200
http://www.espn.com/blog/nba/post/_/id/24011/mondays-kings-news-ty-lawson-eager-for-fresh-start-in-sacramento,200
http://www.espn.com/nba/player/_/id/3460/marreese-speights,200
http://www.espn.com/blog/nba/post/_/id/24004/mondays-nuggets-news-jameer-nelson-the-likely-backup-pg,200
http://www.espn.com/nba/team/rankings/trended/_/name/lac/la-clippers,200
http://www.espn.com/espnradio/play?id=4251899,200
http://www.espn.com/espnradio/play/_/id/17672476,200
http://www.espn.com/espnradio/story/_/id/6700102,200
http://www.espn.com/espnradio/podcast/archive/_/id/7562818,200
http://www.espn.com/espnradio/play?id=17568457,200
http://www.espn.com/espnradio/play?id=17568449,200
http://www.espn.com/espnradio/podcast/index,200
http://www.espn.com/wnba/team/transactions/_/name/la/los-angeles-sparks,200
http://www.espn.com/wnba/recap/_/gameId/400864434,200
http://www.espn.com/wnba/team/_/name/la/start/11,200
http://www.espn.com/wnba/team/_/name/min/minnesota-lynx,200
http://www.espn.com/wnba/team/_/name/chi/chicago-sky,200
http://www.espn.com/womens-college-basketball/story/_/id/17621384/texas-women-coach-karen-aston-gets-raise-3-year-extension,200
http://www.espn.com/wnba/story/_/id/17659086/diana-taurasi-maya-moore-set-face-wnba-semifinals,200
http://www.espn.com/wnba/story/_/id/17662520/los-angeles-sparks-center-jantel-lavender-named-wnba-sixth-woman-year,200
http://www.espn.com/video/clip?id=17700173,200
http://www.espn.com/wnba/story/_/id/17627840/diana-taurasi-leads-phoenix-mercury-wnba-semifinals,200
http://www.espn.com/wnba/story/_/id/17566361/wnba-better-dan-hughes-contributions,200
http://www.espn.com/wnba/story/_/id/17628549/new-york-liberty-players-coaches-lock-arms-2-phoenix-mercury-players-kneel-national-anthem-ahead-playoff-game,200
http://www.espn.com/womens-college-basketball/photos/gallery/_/id/17477814/sheryl-swoopes-career-retrospective,200
http://www.espn.com/video/clip?id=17655039,200
http://www.espn.com/espnw/culture/the-buzz/article/17650260/seimone-augustus-wears-prince-themed-shoes-lynx-practice,200
http://www.espn.com/womens-college-basketball/rankings,200
http://www.espn.com/womens-college-basketball/standings,200
http://www.espn.com/womens-college-basketball/story/_/id/17611853/ncaa-women-basketball-coaches-association-team-contest-benefit-kay-yow-cancer-fund,200
http://www.espn.com/wnba/story/_/id/17681106/another-big-minnesota-lynx-win-puts-phoenix-mercury-brink-elimination,200
http://www.espn.com/wnba/story/_/id/17530611/phoenix-mercury-penny-taylor-always-consummate-teammate,200
http://www.espn.com/wnba/story/_/id/17635093/team-effort-carries-chicago-sky-wnba-semifinals,200
http://www.espn.com/wnba/standings,200
http://www.espn.com/wnba/story/_/id/17682513/candace-parker-los-angeles-sparks-peaking-playoffs,200
http://www.espn.com/wnba/story/_/id/17700518/reserves-help-minnesota-lynx-reach-wnba-finals,200
http://www.espn.com/espnw/culture/feature/article/17482737/inner-city-girls-basketball-tournament-finds-new-life-9-11,200
http://www.espn.com/high-school/girls-basketball/recruiting/rankings/_/class/2017,200
http://www.espn.com/espnw/sports/article/17591685/baylor-bears-get-verbal-commitment-elite-point-guard-alexis-morris,200
http://www.espn.com/womens-college-basketball/story/_/id/17665273/san-francisco-names-molly-goodenbour-head-women-basketball-coach,200
http://www.espn.com/video/clip?id=17669585,200
http://www.espn.com/espnw/sports/article/17633185/texas-longhorns-land-verbal-6-7-junior-center-sedona-prince,200
http://www.espn.com/espnw/sports/article/17603967/top-sophomore-women-basketball-prospect-samantha-brunelle-unique-roots-stellar-game,200
http://www.espn.com/high-school/girls-basketball/recruiting/rankings/_/class/2019,200
http://www.espn.com/high-school/girls-basketball/recruiting/rankings/_/class/2018,200
http://www.espn.com/nba/story/_/id/17079431/san-antonio-spurs-boost-manu-ginobili-deal-11th-hour,200
http://www.espn.com/nba/player/_/id/3412/ryan-anderson,200
http://www.espn.com/nba/story/_/id/17327744/los-angeles-lakers-agree-terms-china-star-yi-jianlian,200
http://www.espn.com/nba/player/_/id/1781/luis-scola,200
http://www.espn.com/nba/team/_/name/dal/dallas-mavericks,200
http://www.espn.com/nba/player/_/id/3431/eric-gordon,200
http://www.espn.com/nba/player/_/id/2798/deron-williams,200
http://www.espn.com/nba/story/_/id/17018595/detroit-pistons-sign-boban-marjanovic-21-million-3-year-deal,200
http://www.espn.com/nba/player/_/id/2184/udonis-haslem,200
http://www.espn.com/nba/story/_/id/16831474/houston-rockets-add-depth-center-sign-nene,200
http://www.espn.com/nba/player/_/id/6631/tyler-zeller,200
http://www.espn.com/nba/player/_/id/3449/kevin-love,200
http://www.espn.com/nba/story/_/id/16661430/nba-2016-free-agency-tracker,200
http://www.espn.com/nba/player/_/id/2774/ian-mahinmi,200
http://www.espn.com/nba/player/_/id/3415/dj-augustin,200
http://www.espn.com/nba/player/_/id/6576/quincy-acy,200
http://www.espn.com/nba/story/_/id/16867267/kevin-durant-comfortable-golden-state-warriors,200
http://www.espn.com/nba/team/_/name/ind/indiana-pacers,200
http://www.espn.com/nba/story/_/id/16791913/gerald-henderson-philadelphia-76ers-agree-contract,200
http://www.espn.com/nba/player/_/id/6460/e'twaun-moore,200
http://www.espn.com/nba/story/_/id/16840869/chicago-bulls-eyeing-dwyane-wade-seek-jose-calderon-trade,200
http://www.espn.com/nba/player/_/id/4232/alonzo-gee,200
http://www.espn.com/nba/player/_/id/6427/bismack-biyombo,200
http://www.espn.com/nba/player/_/id/2991473/anthony-bennett,200
http://www.espn.com/nba/player/_/id/3003/randy-foye,200
http://www.espn.com/nba/story/_/id/16768160/miami-heat-offered-dwyane-wade-two-year-40-million-deal,200
http://www.espn.com/nba/story/_/id/16691520/joe-johnson-utah-jazz-reach-agreement-two-year-deal-worth-22-million-according-multiple-reports,200
http://www.espn.com/nba/story/_/id/17016325/new-york-knicks-guard-sasha-vujacic-agree-1-year-deal,200
http://www.espn.com/nba/team/_/name/wsh/washington-wizards,200
http://www.espn.com/nba/player/_/id/3026/rajon-rondo,200
http://www.espn.com/nba/player/_/id/3214/yi-jianlian,200
http://www.espn.com/nba/story/_/id/17148895/amare-stoudemire-retires-member-new-york-knicks-14-seasons-nba,200
http://www.espn.com/nba/player/_/id/3981/wayne-ellington,200
http://www.espn.com/nba/player/_/id/2489716/matthew-dellavedova,200
http://www.espn.com/nba/story/_/id/16917171/derrick-williams-says-signing-miami-heat,200
http://www.espn.com/nba/player/_/id/3005/rudy-gay,200
http://www.espn.com/nba/player/_/id/3187/arron-afflalo,200
http://www.espn.com/nba/player/_/id/6624/jared-sullinger,200
http://www.espn.com/nba/story/_/id/17078831/anderson-varejao-headed-back-golden-state-warriors,200
http://www.espn.com/nba/player/_/id/3032979/dennis-schroder,200
http://www.espn.com/nba/story/_/id/16738440/the-portland-trail-blazers-minnesota-timberwolves-toronto-raptors-san-antonio-spurs-emerge-top-teams-pursuit-spanish-big-man-pau-gasol,200
http://www.espn.com/nba/player/_/id/6597/terrence-jones,200
http://www.espn.com/nba/player/_/id/2490589/isaiah-canaan,200
http://www.espn.com/nba/player/_/id/2009/james-jones,200
http://www.espn.com/nba/story/_/id/16741497/jamal-crawford-returning-los-angeles-clippers-3-year-42-million-deal,200
http://www.espn.com/nba/team/_/name/bkn/brooklyn-nets,200
http://www.espn.com/nba/player/_/id/2594818/james-michael-mcadoo,200
http://www.espn.com/nba/story/_/id/16844413/leandro-barbosa-phoenix-suns-agree-2-year-8-million-deal,200
http://www.espn.com/nba/story/_/id/17078834/terrence-jones-agrees-deal-new-orleans-pelicans,200
http://www.espn.com/nba/insider/story/_/id/16732576/trade-grades-trey-burke-washington-wizards-utah-jazz-nba,200
http://www.espn.com/mlb/player/_/id/33709/aaron-nola,200
http://www.espn.com/mlb/player/_/id/31009/brian-dozier,200
http://www.espn.com/mlb/player/_/id/30836/mike-trout,200
http://www.espn.com/mlb/player/_/id/29105/sean-rodriguez,200
http://www.espn.com/mlb/player/_/id/31865/tyrell-jenkins,200
http://www.espn.com/mlb/player/_/id/29439/danny-valencia,200
http://www.espn.com/mlb/player/_/id/6408/franklin-gutierrez,200
http://www.espn.com/blog/playbook/sounds/,200
http://www.espn.com/mlb/player/_/id/4574/albert-pujols,200
http://www.espn.com/mlb/player/_/id/32558/jorge-soler,200
http://www.espn.com/mlb/player/_/id/30951/bryce-harper,200
http://www.espn.com/mlb/player/_/id/30139/dillon-gee,200
http://www.espn.com/sportsnation/chats,302
http://www.espn.com/mlb/player/_/id/28668/homer-bailey,200
http://www.espn.com/mlb/player/_/id/30981/corey-kluber,200
http://www.espn.com/mlb/player/_/id/30699/a.j.-pollock,200
http://www.espn.com/mlb/player/_/id/28662/yunel-escobar,200
http://www.espn.com/mlb/injuries/_/league/al,200
http://www.espn.com/mlb/player/_/id/6479/jered-weaver,200
http://www.espn.com/espntv/espnGuide,200
http://www.espn.com/mlb/player/_/id/28670/joey-votto,200
http://www.espn.com/mlb/player/_/id/29273/francisco-cervelli,200
http://www.espn.com/mlb/player/_/id/30506/jeremy-hellickson,200
http://www.espn.com/mlb/injuries/_/league/nl,200
http://www.espn.com/mlb/player/_/id/33662/yasmany-tomas,200
http://www.espn.com/sports/,302
http://www.espn.com/mlb/player/_/id/30043/michael-brantley,200
http://www.espn.com/mlb/player/_/id/5917/scott-kazmir,200
http://www.espn.com/mlb/player/_/id/29200/daniel-murphy,200
http://www.espn.com/mlb/player/_/id/32095/danny-salazar,200
http://www.espn.com/mlb/player/_/id/5031/brandon-phillips,200
http://www.espn.com/mlb/player/_/id/34876/edubray-ramos,200
http://www.espn.com/video/category?id=2378529,200
http://www.espn.com/mlb/player/_/id/32779/roman-quinn,200
http://www.espn.com/college-football/recruiting/,301
http://www.espn.com/mlb/player/_/id/32778/renato-nunez,200
http://www.espn.com/mlb/player/_/id/29448/jesus-montero,302
http://www.espn.com/mlb/player/_/id/6480/jason-hammel,200
http://www.espn.com/mlb/player/_/id/33222/andrew-toles,200
http://www.espn.com/mlb/player/_/id/32950/gregory-polanco,200
http://www.espn.com/mlb/player/_/id/33353/scott-schebler,200
http://www.espn.com/mlb/player/_/id/29670/freddy-galvis,200
http://www.espn.com/sportsnation/,200
http://www.espn.com/mlb/player/_/id/32108/yan-gomes,200
http://www.espn.com/mlb/player/_/id/32061/kolten-wong,200
http://www.espn.com/mlb/player/_/id/29074/jed-lowrie,200
http://www.espn.com/mlb/player/_/id/4262/jayson-werth,200
http://www.espn.com/mlb/player/_/id/5544/miguel-cabrera,200
http://www.espn.com/mlb/player/_/id/31221/tyler-skaggs,200
http://www.espn.com/travel/sports/calendar/,200
http://www.espn.com/nba/team/rankings/_/name/lac/la-clippers,200
http://www.espn.com/nba/team/roster/_/name/lac/la-clippers,200
http://www.espn.com/nba/team/photos/_/name/lac/la-clippers,200
http://www.espn.com/espn/sitemap,200
http://www.espn.com/espn/news/story?page=contact%2Findex,404
http://www.espn.com/nba/team/stadium/_/name/lac/la-clippers,200
http://www.espn.com/espn/news/story?page=help%2Findex,404
http://www.espn.com/nba/team/transactions/_/name/lac/la-clippers,200
http://www.espn.com/nba/team/schedule/_/name/lac/la-clippers,200
http://www.espn.com/nba/team/depth/_/name/lac/la-clippers,200
http://www.espn.com/nba/team/stats/_/name/lac/la-clippers,200
http://www.espn.com/espn/corrections,200
http://www.espn.com/nba/player/_/id/3456/derrick-rose,200
http://www.espn.com/nba/player/_/id/4247/wesley-johnson,200
http://www.espn.com/nba/player/_/id/1006/richard-jefferson,200
http://www.espn.com/nba/player/_/id/215/tim-duncan,200
http://www.espn.com/nba/story/_/id/16843854/richard-jefferson-re-sign-cleveland-cavaliers,200
http://www.espn.com/nba/story/_/id/16743678/2016-nba-free-agency-matt-barnes-returning-sacramento-kings,200
http://www.espn.com/nba/story/_/id/16787564/dallas-mavericks-dirk-nowitzki-agree-2-year-40m-deal,200
http://www.espn.com/nba/story/_/id/17175570/golden-state-warriors-inviting-javale-mcgee-training-camp,200
http://www.espn.com/nba/player/_/id/3192/aaron-brooks,200
http://www.espn.com/nba/team/_/name/lac/los-angeles-clippers,200
http://www.espn.com/nba/player/stats/_/id/9/ray-allen,200
http://www.espn.com/nba/player/_/id/4017/marcus-thornton,200
http://www.espn.com/nba/story/_/id/17192637/amare-stoudemire-play-israel-next-season,200
http://www.espn.com/nba/player/_/id/3232/jason-smith,200
http://www.espn.com/nba/player/_/id/2768/jarrett-jack,200
http://www.espn.com/nba/team/_/name/phx/phoenix-suns,200
http://www.espn.com/nba/story/_/id/16707959/bismack-biyombo-orlando-magic-agree-terms-four-year-70-million-deal-according-sources,200
http://www.espn.com/nba/story/_/id/17079080/dallas-mavericks-quincy-acy-agree-deal,200
http://www.espn.com/nba/player/_/id/2747/andrew-bogut,200
http://www.espn.com/nba/player/_/id/6614/andrew-nicholson,200
http://www.espn.com/nba/player/_/id/6605/meyers-leonard,200
http://www.espn.com/nba/story/_/id/16759826/kevin-durant-announces-sign-golden-state-warriors,200
http://www.espn.com/nba/story/_/id/16716022/kevin-durant-tells-teams-free-agency-decision-come-next-24-36-hours,200
http://www.espn.com/nba/player/_/id/3997/brandon-jennings,200
http://www.espn.com/nba/story/_/id/17019961/brooklyn-nets-add-veteran-forward-luis-scola,200
http://www.espn.com/nba/player/_/id/2580913/dewayne-dedmon,200
http://www.espn.com/nba/player/_/id/1007/joe-johnson,200
http://www.espn.com/nba/story/_/id/17604717/metta-world-peace-los-angeles-lakers-agree-one-year-deal,200
http://www.espn.com/nba/player/_/id/91/elton-brand,200
http://www.espn.com/nba/player/_/id/272/manu-ginobili,200
http://www.espn.com/nba/story/_/id/17085380/dario-saric-signs-philadelphia-76ers-draft-night-trade,200
http://www.espn.com/nba/team/_/name/mil/milwaukee-bucks,200
http://www.espn.com/nba/story/_/id/17103551/denver-nuggets-close-agreement-re-sign-mike-miller,200
http://www.espn.com/nba/story/_/id/17085996/sasha-kaun-traded-cleveland-cavaliers-philadelphia-76ers-make-room-chris-andersen,200
http://www.espn.com/nba/player/_/id/841/jason-terry,200
http://www.espn.com/nba/story/_/id/16771622/cleveland-cavaliers-match-matthew-dellavedova-offer-sheet-milwaukee-bucks,200
http://www.espn.com/nba/player/_/id/4239/evan-turner,200
http://www.espn.com/nba/story/_/id/17130389/boston-celtics-sign-gerald-green-retain-tyler-zeller,200
http://www.espn.com/nba/player/_/id/6628/dion-waiters,200
http://www.espn.com/nba/story/_/id/17370747/milwaukee-bucks-sign-free-agent-guard-jason-terry,200
http://www.espn.com/nba/player/_/id/2421/sasha-vujacic,200
http://www.espn.com/nba/player/_/id/6618/thomas-robinson,200
http://www.espn.com/nba/story/_/id/17103657/dion-waiters-unrestricted-free-agent-oklahoma-city-thunder-rescind-qualifying-offer,200
http://www.espn.com/nba/team/_/name/atl/atlanta-hawks,200
http://www.espn.com/nba/player/_/id/4260/greg-monroe,200
http://www.espn.com/boston/nba/story/_/id/16716022/kevin-durant-tells-teams-free-agency-decision-come-next-24-36-hours,200
http://www.espn.com/nba/player/_/id/2579260/trey-burke,200
http://www.espn.com/nba/story/_/id/17328090/paul-pierce-reportedly-returning-19th-season-nba,200
http://www.espn.com/nba/team/_/name/sac/sacramento-kings,200
http://www.espn.com/nba/player/_/id/6591/maurice-harkless,200
http://www.espn.com/nba/player/_/id/609/dirk-nowitzki,200
http://www.espn.com/nba/player/_/id/6452/jon-leuer,200
http://www.espn.com/nba/player/_/id/1713/nene-hilario,200
http://www.espn.com/nba/player/_/id/2806/jose-calderon,200
http://www.espn.com/nba/player/_/id/3452/javale-mcgee,200
http://www.espn.com/nba/story/_/id/17214921/russell-westbrook-oklahoma-city-thunder-serious-talks-new-deal,200
http://www.espn.com/nba/player/_/id/1135/chris-andersen,200
http://www.espn.com/nba/story/_/id/17140596/cj-mccollum-agrees-106-million-extension-portland-trail-blazers,200
http://www.espn.com/nba/team/_/name/bos/boston-celtics,200
http://www.espn.com/nba/player/_/id/2490149/cj-mccollum,200
http://www.espn.com/nba/player/_/id/2433/kris-humphries,200
http://www.espn.com/nba/story/_/id/16733221/manu-ginobili-return-next-season-expected-re-sign-san-antonio-spurs,200
http://www.espn.com/nba/player/_/id/3907497/dejounte-murray,200
http://www.espn.com/nba/player/_/id/558/mike-miller,200
http://www.espn.com/nba/player/_/id/2429/luol-deng,200
http://www.espn.com/nba/player/_/id/3416/nicolas-batum,200
http://www.espn.com/nba/player/_/id/6480/derrick-williams,200
http://www.espn.com/blog/new-orleans-pelicans/post/_/id/478/alonzo-gee-returning-to-new-orleans-pelicans,200
http://www.espn.com/nba/player/_/id/165/jamal-crawford,200
http://www.espn.com/nba/story/_/id/17053432/minnesota-timberwolves-agree-terms-jordan-hill,200
http://www.espn.com/nba/player/_/id/2530276/tyler-johnson,200
http://www.espn.com/nba/player/_/id/3445/courtney-lee,200
http://www.espn.com/nba/story/_/id/16708122/patriots-quarterback-tom-brady-joins-celtics-brass-hamptons-recruit-kevin-durant,200
http://www.espn.com/nba/player/_/id/4015/jeff-teague,200
http://www.espn.com/nba/story/_/id/16737884/utah-jazz-trade-trey-burke-washington-wizards-2021-second-round-draft-pick,200
http://www.espn.com/nba/player/_/id/1708/mike-dunleavy,200
http://www.espn.com/nba/player/_/id/2772/david-lee,200
http://www.espn.com/nba/player/_/id/6587/festus-ezeli,200
http://www.espn.com/nba/story/_/id/16822398/ray-allen-eyeing-golden-state-warriors-considering-return-nba,200
http://www.espn.com/nba/player/_/id/3209/jeff-green,200
http://www.espn.com/nba/story/_/id/16765603/andrew-bogut-harrison-barnes-golden-state-warriors-join-dallas-mavericks,200
http://www.espn.com/nba/story/_/id/16953860/miami-heat-add-guard-wayne-ellington-forward-james-johnson,200
http://www.espn.com/nba/story/_/id/16980885/tim-duncan-san-antonio-spurs-announces-retirement,200
http://www.espn.com/nba/player/_/id/4376/boban-marjanovic,200
http://www.espn.com/nba/story/_/id/16892254/marreese-speights-signs-los-angeles-clippers,200
http://www.espn.com/nba/team/_/name/por/portland-trail-blazers,200
http://www.espn.com/nba/story/_/id/17167348/david-lee-joining-san-antonio-spurs,200
http://www.espn.com/nba/player/_/id/3994/jordan-hill,200
http://www.espn.com/nba/player/_/id/6637/kent-bazemore,200
http://www.espn.com/nba/story/_/id/16741892/bulls-reach-two-year-deal-guard-rajon-rondo,200
http://www.espn.com/nba/player/_/id/1765/matt-barnes,200
http://www.espn.com/wnba/story/_/id/17670758/phoenix-mercury-play-better-defense-minnesota-lynx-wnba-semifinals?ex_cid=espnapi_public,200
http://www.espn.com/wnba/team/_/name/min/start/11,200
http://www.espn.com/wnba/recap/_/gameId/400864438,200
http://www.espn.com/wnba/playbyplay/_/gameId/400910454,200
http://www.espn.com/wnba/recap/_/gameId/400864439,200
http://www.espn.com/wnba/story/_/id/17676866/minnesota-lynx-center-sylvia-fowles-named-wnba-defensive-player-year-third?ex_cid=espnapi_public,200
http://www.espn.com/wnba/team/schedule/_/name/min/minnesota-lynx,200
http://www.espn.com/wnba/team/_/name/tbd/tbd-tbd,200
http://www.espn.com/wnba/recap/_/gameId/400864447,200
http://www.espn.com/wnba/team/transactions/_/name/min/minnesota-lynx,200
http://www.espn.com/wnba/recap/_/gameId/400864385,200
http://www.espn.com/wnba/recap/_/gameId/400864540,200
http://www.espn.com/wnba/recap/_/gameId/400864384,200
http://www.espn.com/wnba/team/_/name/wsh/washington-mystics,200
http://www.espn.com/wnba/team/stats/_/name/min/minnesota-lynx,200
http://www.espn.com/wnba/recap/_/gameId/400864416,200
http://www.espn.com/wnba/recap/_/gameId/400864413,200
http://www.espn.com/wnba/story/_/id/17666002/lindsay-whalen-minnesota-lynx-right-home-game-1-win-phoenix-mercury?ex_cid=espnapi_public,200
http://www.espn.com/wnba/recap/_/gameId/400864530,200
http://www.espn.com/wnba/recap/_/gameId/400864498,200
http://www.espn.com/wnba/recap/_/gameId/400864531,200
http://www.espn.com/wnba/team/_/name/dal/dallas-wings,200
http://www.espn.com/ncw/schedule,200
http://www.espn.com/wnba/recap/_/gameId/400864551,200
http://www.espn.com/wnba/recap/_/gameId/400864394,200
http://www.espn.com/wnba/story/_/id/17681106/another-big-minnesota-lynx-win-puts-phoenix-mercury-brink-elimination?ex_cid=espnapi_public,200
http://www.espn.com/wnba/recap/_/gameId/400864427,200
http://www.espn.com/wnba/recap/_/gameId/400864545,200
http://www.espn.com/video/clip?ex_cid=espnapi_public&id=17700173,200
http://www.espn.com/wnba/team/roster/_/name/min/minnesota-lynx,200
http://www.espn.com/video/clip?ex_cid=espnapi_public&id=17665996,200
http://www.espn.com/wnba/recap/_/gameId/400864364,200
http://www.espn.com/wnba/conversation/_/gameId/400920461,200
http://www.espn.com/wnba/recap/_/gameId/400864361,200
http://www.espn.com/wnba/recap/_/gameId/400864360,200
http://www.espn.com/video/clip?id=17665996,200
http://www.espn.com/video/clip?ex_cid=espnapi_public&id=17681605,200
http://www.espn.com/wnba/recap/_/gameId/400864479,200
http://www.espn.com/wnba/story/_/id/17700518/reserves-help-minnesota-lynx-reach-wnba-finals?ex_cid=espnapi_public,200
http://www.espn.com/wnba/recap/_/gameId/400864513,200
http://www.espn.com/wnba/recap/_/gameId/400864477,200
http://www.espn.com/wnba/recap/_/gameId/400864476,200
http://www.espn.com/wnba/recap/_/gameId/400864518,200
http://www.espn.com/wnba/team/_/name/min/view/audio,200
http://www.espn.com/wnba/recap/_/gameId/400864493,200
http://www.espn.com/wnba/recap/_/gameId/400864371,200
http://www.espn.com/wnba/recap/_/gameId/400864402,200
http://www.espn.com/wnba/recap/_/gameId/400864521,200
http://www.espn.com/wnba/recap/_/gameId/400864486,200
http://www.espn.com/wnba/recap/_/gameId/400864406,200
http://www.espn.com/nba/story/_/id/17656288/steve-kerr-says-kevin-durant-looks-great-first-warriors-practice,200
http://www.espn.com/nba/player/_/id/2386/andre-iguodala,200
http://www.espn.com/nba/story/_/id/17671871/kevin-durant-says-golden-state-warriors-want-aggressive,200
http://www.espn.com/nba/player/_/id/2393/shaun-livingston,200
http://www.espn.com/nba/player/_/id/6578/harrison-barnes,200
http://www.espn.com/nba/player/_/id/6475/klay-thompson,200
http://www.espn.com/nba/team/_/name/det/detroit-pistons,200
http://www.espn.com/nba/player/_/id/3202/kevin-durant,200
http://www.espn.com/nba/team/_/name/sa/san-antonio-spurs,200
http://www.espn.com/nba/story/_/id/17654854/stephen-curry-indicates-plans-re-sign-golden-state-warriors,200
http://www.espn.com/nba/player/_/id/662/paul-pierce,200
http://www.espn.com/nba/player/_/id/3975/stephen-curry,200
http://www.espn.com/nba/player/_/id/3468/russell-westbrook,200
http://www.espn.com/mlb/player/_/id/32219/michael-taylor,200
http://www.espn.com/mlb/player/_/id/30173/wilson-ramos,200
http://www.espn.com/mlb/player/_/id/28968/carlos-carrasco,200
http://www.espn.com/mlb/player/_/id/31758/christian-bethancourt,200
http://www.espn.com/mlb/player/_/id/30627/wilmer-flores,200
http://www.espn.com/mlb/player/_/id/32151/tyler-anderson,200
http://www.espn.com/mlb/player/_/id/33150/masahiro-tanaka,200
http://www.espn.com/mlb/player/_/id/31446/kevin-kiermaier,200
http://www.espn.com/mlb/player/_/id/31010/drew-pomeranz,200
http://www.espn.com/mlb/player/_/id/31876/yordano-ventura,200
http://www.espn.com/mlb/player/_/id/31127/salvador-perez,200
http://www.espn.com/mlb/player/_/id/29807/gerardo-parra,200
http://www.espn.com/mlb/player/_/id/34886/alex-bregman,200
http://www.espn.com/free-online-games/,200
http://www.espn.com/espn/contests/index,200
http://www.espn.com/mlb/player/_/id/32587/steven-wright,200
http://www.espn.com/mlb/player/_/id/32804/zach-eflin,200
http://www.espn.com/mlb/player/_/id/30687/jordy-mercer,200
http://www.espn.com/video/,200
http://www.espn.com/sportsnation/polls,200
http://www.espn.com/mlb/player/_/id/29694/david-freese,200
http://www.espn.com/mlb/player/_/id/31037/jean-segura,200
http://www.espn.com/espn/news/story?page=rssinfo,200
http://www.espn.com/mlb/player/_/id/30290/eduardo-nunez,200
http://www.espn.com/mlb/player/_/id/5940/matt-holliday,200
http://www.espn.com/mlb/player/_/id/29772/chris-coghlan,200
http://www.espn.com/mlb/player/_/id/31392/joc-pederson,200
http://www.espn.com/mlb/player/_/id/30830/starling-marte,200
http://www.espn.com/wnba/conversation/_/gameId/400920400,200
http://www.espn.com/wnba/recap/_/gameId/400864457,200
http://www.espn.com/wnba/recap/_/gameId/400864455,200
http://www.espn.com/wnba/recap/_/gameId/400864453,200
http://www.espn.com/wnba/team/_/name/min/view/video,200
http://www.espn.com/wnba/recap/_/gameId/400910454,200
http://www.espn.com/wnba/recap/_/gameId/400910453,200
http://www.espn.com/wnba/recap/_/gameId/400910452,200
http://www.espn.com/wnba/boxscore/_/gameId/400910454,200
http://www.espn.com/wnba/story/_/id/17701091/penny-taylor-caps-career-phoenix-mercury-eliminated?ex_cid=espnapi_public,200
http://www.espn.com/wnba/recap/_/gameId/400864472,200
http://www.espn.com/wnba/team/_/name/conn/connecticut-sun,200
http://www.espn.com/wnba/story/_/id/17693718/phoenix-mercury-chicago-sky-win-avoid-elimination-wnba-semifinals?ex_cid=espnapi_public,200
http://www.espn.com/wnba/recap/_/gameId/400864345,200
http://www.espn.com/video/clip?id=17681605,200
http://www.espn.com/wnba/team/photos/_/name/min/minnesota-lynx,200
http://www.espn.com/nfl/story/_/id/17636431/nfl-2016-week-4-power-rankings-denver-broncos-new-england-patriots-seattle-seahawks,200
http://www.espn.com/nfl/story/_/id/17694257/remembering-new-york-giants-season-altering-1986-win-vikings,200
http://www.espn.com/blog/san-francisco-49ers/post/_/id/20059/without-navorro-bowman-49ers-season-would-only-get-tougher,200
http://www.espn.com/blog/chicago/bears/post/_/id/4703852/bears-rookie-jordan-howard-emerges-in-post-matt-forte-era,200
http://www.espn.com/nfl/story/_/id/17702389/how-blake-bortles-punt-wembley-found-way-hands-packers-fan,200
http://www.espn.com/nfl/schedule,200
http://www.espn.com/fantasy/football/,200
http://www.espn.com/blog/nfl/rumors,200
http://www.espn.com/nfl/team/_/name/ne/new-england-patriots,200
http://www.espn.com/nfl/player/_/id/16760/jimmy-garoppolo,200
http://www.espn.com/blog/statsinfo/post/_/id/124466/espns-football-power-index-for-sept-28,200
http://www.espn.com/blog/arizona-cardinals/post/_/id/22479/jeff-fisher-fires-back-at-bruce-arians-two-years-after-always-8-8-comment,200
http://www.espn.com/nfl/team/_/name/den/denver-broncos,200
http://www.espn.com/nfl/teams,200
http://www.espn.com/nfl/team/_/name/sf/san-francisco-49ers,200
http://www.espn.com/nfl/player/_/id/2578570/jacoby-brissett,200
http://www.espn.com/blog/nflinjurywire/,200
http://www.espn.com/nfl/scoreboard,200
http://www.espn.com/nfl/team/_/name/dal/dallas-cowboys,200
http://www.espn.com/nfl/story/_/page/32for32x161003/2016-nfl-big-story-all-32-teams-week-4,200
http://www.espn.com/nfl/team/_/name/sd/san-diego-chargers,200
http://www.espn.com/nfl/player/_/id/11674/danny-amendola,200
http://www.espn.com/nfl/team/_/name/cle/cleveland-browns,200
http://www.espn.com/sportsnation/story/_/id/17697499/dallas-cowboys-start-tony-romo-healthy,200
http://www.espn.com/nfl/draft,200
http://www.espn.com/nfl/story/_/id/17700343/san-diego-chargers-coach-mike-mccoy-furious-latest-fourth-quarter-collapse,200
http://www.espn.com/blog/cincinnati-bengals/post/_/id/24224/bengals-lb-vontaze-burfict-takes-playful-jab-at-rookie-dak-prescott-who,200
http://www.espn.com/nfl/story/_/id/17706377/eagles-lb-nigel-bradham-arrested-bringing-loaded-gun-miami-international-airport,200
http://www.espn.com/nfl/team/_/name/phi/philadelphia-eagles,200
http://www.espn.com/blog/new-england-patriots/post/_/id/4796255/silver-lining-of-tom-bradys-suspension-is-patriots-evaluation-on-backup-qbs,200
http://www.espn.com/blog/dallas-cowboys/post/_/id/4754549/how-popular-is-dak-prescott-hes-now-taking-pictures-with-babies,200
http://www.espn.com/nfl/story/_/page/mnfhq2016/2016-nfl-monday-night-football-headquarters-schedule-scores,200
http://www.espn.com/blog/green-bay-packers/post/_/id/33814/mike-mccarthy-jordy-nelsons-comeback-exceeded-the-reality,200
http://www.espn.com/nfl/story/_/id/17707535/trevor-siemian-denver-broncos-day-day-shoulder-injury-expected-play-atlanta-falcons,200
http://www.espn.com/nfl/coaches,200
http://www.espn.com/nfl/story/_/id/17707448/navorro-bowman-san-francisco-49ers-season-achilles-injury,200
http://www.espn.com/nfl/standings,200
http://www.espn.com/nfl/story/_/id/17706524/actor-ben-affleck-was-surprised-find-new-england-patriots-were-losing-buffalo-bills,200
http://www.espn.com/nfl/lines,200
http://www.espn.com/nfl/transactions,200
http://www.espn.com/blog/detroit-lions/post/_/id/25612/with-golden-tate-benched-how-have-jim-caldwells-other-benchings-worked-out,200
http://www.espn.com/nfl/team/_/name/buf/buffalo-bills,200
http://www.espn.com/nfl/team/_/name/nyg/new-york-giants,200
http://www.espn.com/nfl/team/_/name/car/carolina-panthers,200
http://www.espn.com/blog/kansas-city-chiefs/post/_/id/18608/no-time-is-too-soon-for-jamaal-charles-return-to-full-time-duty,200
http://www.espn.com/blog/tennessee-titans/post/_/id/20497/mike-mularkey-marcus-mariota-hesitation-is-related-to-trust,200
http://www.espn.com/nfl/statistics,200
http://www.espn.com/blog/boston/red-sox,200
http://www.espn.com/blog/detroit-tigers,200
http://www.espn.com/blog/buster-olney,200
http://www.espn.com/blog/los-angeles/dodger-report,200
http://www.espn.com/blog/keith-law,200
http://www.espn.com/mlb/story/_/id/17706532/david-ortiz-says-did-wrong-03-failed-drug-test,200
http://www.espn.com/blog/new-york/mets,200
http://www.espn.com/mlb/team/_/name/bos/boston-red-sox,200
http://www.espn.com/blog/new-york/yankees,200
http://www.espn.com/blog/washington-nationals,200
http://www.espn.com/blog/statsinfo/category/_/name/mlb-2,200
http://www.espn.com/mlb/story/_/id/17595017/misery-meter-how-much-fans-mlb-playoff-team-suffered,200
http://www.espn.com/mlb/team/_/name/mia/miami-marlins,200
http://www.espn.com/mlb/team/_/name/ari/arizona-diamondbacks,200
http://www.espn.com/blog/st-louis-cardinals,200
http://www.espn.com/blog/mlb-draft,200
http://www.espn.com/blog/jayson-stark,200
http://www.espn.com/blog/chicago/cubs,200
http://www.espn.com/blog/baltimore-orioles,200
http://www.espn.com/nba/player/_/id/2531210/allen-crabbe,200
http://www.espn.com/nba/player/_/id/3993/gerald-henderson,200
http://www.espn.com/nba/player/_/id/3436/roy-hibbert,200
http://www.espn.com/nba/player/_/id/3999/james-johnson,200
http://www.espn.com/nba/story/_/id/17489019/philadelphia-76ers-re-sign-free-agent-forward-elton-brand,200
http://www.espn.com/nba/team/_/name/den/denver-nuggets,200
http://www.espn.com/nba/player/_/id/996/pau-gasol,200
http://www.espn.com/nba/story/_/id/17077485/brooklyn-nets-sign-ex-no-1-pick-anthony-bennett,200
http://www.espn.com/nba/player/_/id/4299/jeremy-lin,200
http://www.espn.com/nba/story/_/id/17165167/washington-wizards-re-sign-guard-marcus-thornton,200
http://www.espn.com/nba/player/_/id/3451/luc-richard-mbah-a-moute,200
http://www.espn.com/nba/story/_/id/16876716/allen-crabbe-gets-75-million-4-year-offer-sheet-nets,200
http://www.espn.com/nba/story/_/id/17202199/cleveland-cavaliers-re-sign-james-jones,200
http://www.espn.com/nba/story/_/id/17696552/darren-collison-sacramento-kings-suspended-8-games-domestic-violence-incident,200
http://www.espn.com/nba/player/_/id/2419/anderson-varejao,200
http://www.espn.com/nba/story/_/id/16709297/ryan-anderson-houston-rockets-agree-four-year-80m-deal,200
http://www.espn.com/nba/player/_/id/1727/amare-stoudemire,200
http://www.espn.com/nba/player/_/id/3443/sasha-kaun,200
http://www.espn.com/nba/player/_/id/2528794/joe-harris,200
http://www.espn.com/nba/story/_/id/17277001/lebron-james-officially-re-signs-cleveland-cavaliers,200
http://www.espn.com/nba/team/_/name/lal/los-angeles-lakers,200
http://www.espn.com/nba/player/_/id/4000/ty-lawson,200
http://www.espn.com/nba/story/_/id/17099645/milwaukee-bucks-re-sign-miles-plumlee-4-year-deal-worth-52-million,200
http://www.espn.com/nba/player/_/id/3231/ramon-sessions,200
http://www.espn.com/nba/team/_/name/min/minnesota-timberwolves,200
http://www.espn.com/nba/story/_/id/16747248/deron-williams-agrees-return-mavs-1-year-10-million-deal,200
http://www.espn.com/nba/story/_/id/16994301/jarrett-jack-atlanta-hawks-agree-one-year-contract,200
http://www.espn.com/nba/player/_/id/25/metta-world-peace,200
http://www.espn.com/nba/player/_/id/2488958/solomon-hill,200
http://www.espn.com/nba/player/_/id/2530572/langston-galloway,200
http://www.espn.com/nba/story/_/id/17115306/chicago-bulls-add-long-range-shooter-ink-guard-isaiah-canaan,200
http://www.espn.com/nba/player/_/id/6617/austin-rivers,200
http://www.espn.com/nba/story/_/id/16767946/brandon-jennings-new-york-knicks-agree-terms,200
http://www.espn.com/nba/story/_/id/17149197/portland-trail-blazers-bring-back-maurice-harkless-new-four-year-deal,200
http://www.espn.com/nba/story/_/id/16734643/brookly-nets-make-offer-miami-heat-guard-tyler-johnson-four-years-50-million,200
http://www.espn.com/nba/story/_/id/17412790/ty-lawson-sacramento-kings-agree-one-year-contract,200
http://www.espn.com/i/mlb/infographics/greyline.png,200
http://www.espn.com/nba/story/_/id/17141198/dion-waiters-agrees-2-year-deal-miami-heat,200
http://www.espn.com/nba/player/_/id/2761/gerald-green,200
http://www.espn.com/nba/team/_/name/gsw/golden-state-warriors,200
http://www.espn.com/nba/story/_/id/17100255/lebron-james-informs-cleveland-cavaliers-return,200
http://www.espn.com/nba/story/_/id/16837504/new-orleans-pelicans-langston-galloway-agree-contract,200
http://www.espn.com/nba/player/_/id/2444/jr-smith,200
http://www.espn.com/nba/player/_/id/1987/dwyane-wade,200
http://www.espn.com/nba/player/_/id/3213/al-horford,200
http://www.espn.com/nba/story/_/id/16704905/boston-celtics-optimistic-following-meeting-free-agent-al-horford,200
http://www.espn.com/nba/player/_/id/2166/leandro-barbosa,200
http://www.espn.com/nba/story/_/id/16874047/festus-ezeli-agrees-2-year-152m-deal-portland-trail-blazers,200
http://www.espn.com/nba/player/_/id/6588/evan-fournier,200
http://www.espn.com/nba/player/_/id/6616/miles-plumlee,200
http://www.espn.com/nba/story/_/id/17705863/cleveland-cavaliers-forward-lebron-james-explained-why-wrote-op-ed-support-hillary-clinton-president,200
http://www.espn.com/horse-racing/,200
http://www.espn.com/womens-basketball/,200
http://www.espn.com/video/clip?id=17703510,200
http://www.espn.com/nfl/story/_/page/barnwellx161003/the-denver-broncos-cruising-carolina-panthers-struggling-long-super-bowl-50-nfl,200
http://www.espn.com/nfl/story/_/id/17705839/cam-newton-carolina-panthers-not-cleared-concussion-protocol-game-vs-tampa-bay-buccaneers,200
http://www.espn.com/nba/insider/story/_/id/17496331/nba-future-power-rankings-kevin-pelton-chad-ford-project-best-teams-next-three-years,200
http://www.espn.com/mlb/story/_/id/17708060/miami-marlins-fire-barry-bonds-hitting-coach-1-season,200
http://www.espn.com/espn/otl/story/_/id/17693288/tennis-pristine-image-performance-enhancing-drugs-which-no-accident,200
http://www.espn.com/blog/denver-broncos/post/_/id/22657/broncos-keep-eye-on-trevor-siemians-shoulder-but-keep-on-winning,200
http://www.espn.com/nfl/story/_/id/17707080/josh-norman-washington-redskins-takes-jab-carolina-panthers-performance-julio-jones,200
http://www.espn.com/blog/nflnation,200
http://www.espn.com/tennis/,200
http://www.espn.com/mlb/,200
http://www.espn.com/espnradio/index,200
http://www.espn.com/mlb/playoffs2015/story/_/page/playoffs16_ALWC5Qs/toronto-blue-jays-contain-baltimore-orioles-offense,200
http://www.espn.com/blog/atlanta-falcons/post/_/id/22849/inside-the-record-setting-numbers-of-julio-jones-matt-ryan,200
http://www.espn.com/nfl/story/_/id/17704482/richie-incognito-taunts-bill-belichick-win-new-england,200
http://www.espn.com/nfl/story/_/id/17707479/patriots-players-say-seen-tom-brady-gillette-stadium,200
http://www.espn.com/video/clip?id=17706318,200
http://www.espn.com/college-sports/,200
http://www.espn.com/blog/statsinfo/post/_/id/124690/best-and-worst-qb-performances-from-week-4,200
http://www.espn.com/endurance/,200
http://www.espn.com/video/clip?id=17706666,200
http://www.espn.com/espn/otl/story/_/id/17704400/us-supreme-court-decision-not-take-ed-obannon-ncaa-case-does-not-end-paying-player-debate,200
http://www.espn.com/nfl/story/_/id/17705692/johnny-manziel-files-paperwork-protect-rights-johnny-football,200
http://www.espn.com/analytics,301
http://www.espn.com/mlb/story/_/id/17687223/who-win-world-series-not-think,200
http://www.espn.com/moresports/story/_/page/LittleLeagueWorldSeries/little-league-world-series-espn,200
http://www.espn.com/olympics/,200
http://www.espn.com/watchespn/index,200
http://www.espn.com/chalk/,200
http://www.espn.com/mlb/story/_/id/17707145/gm-dave-stewart-manager-chip-hale-fired-arizona-diamondbacks,200
http://www.espn.com/nfl/story/_/id/17696419/julio-jones-sets-atlanta-falcons-mark-300-yard-game,200
http://www.espn.com/college-football/story/_/id/17707079/penn-state-kicker-joey-julius-admits-sought-treatment-eating-disorder,200
http://www.espn.com/blog/nflnation/post/_/id/216598/that-time-the-browns-recovered-a-fumble-and-no-one-noticed,200
http://www.espn.com/nhl/,200
http://www.espn.com/mlb/playoffs2015/story/_/page/playoffs16_expertpredictions/espn-experts-make-their-predictions-mlb-playoffs,200
http://www.espn.com/blog/los-angeles-rams/post/_/id/31034/case-keenum-keeps-winning-jared-goff-remains-on-the-bench,200
http://www.espn.com/video/clip?id=17703918,200
http://www.espn.com/blog/seattle-seahawks/post/_/id/22305/pete-carroll-russell-wilson-critics-dont-know-what-theyre-talking-about,200
http://www.espn.com/boxing/,200
http://www.espn.com/blog/bigten/post/_/id/137191/michigan-not-on-ohio-states-level-yet-but-wolverines-have-time-to-get-there,200
http://www.espn.com/nba/,200
http://www.espn.com/college-sports/basketball/recruiting/index,200
http://www.espn.com/nfl/story/_/id/17700993/nfl-week-4-lessons-learned-2016,200
http://www.espn.com/golf/,200
http://www.espn.com/blog/carolina-panthers/post/_/id/22633/julio-jones-300-yard-game-against-panthers-leads-to-what-if-josh-norman-were-here-questions,200
http://www.espn.com/college-football/insider/story/_/id/17698872/better-alabama-crimson-tide-ohio-state-buckeyes-clemson-tigers-michigan-wolverines,200
http://www.espn.com/mlb/story/_/page/2016mlbpowerrankings_week26/mlb-ranking-mlb-teams-26-weeks,200
http://www.espn.com/nba/team/_/name/okc/oklahoma-city-thunder,200
http://www.espn.com/nba/story/_/id/16647240/nba-free-agency-2016-latest-news-buzz-rumors,200
http://www.espn.com/nba/story/_/page/playoffindex16/nba-playoffs-coverage,200
http://www.espn.com/nba/story/_/page/allstarindex/complete-coverage-all-star-2016,200
http://www.espn.com/blog/houston-rockets/post/_/id/2830/why-james-hardens-sky-high-minutes-touches-could-expand-even-further,200
http://www.espn.com/nba/standings,200
http://www.espn.com/blog/marc-stein,200
http://www.espn.com/nba/teams,200
http://www.espn.com/fantasy/basketball/,200
http://www.espn.com/nba/scoreboard,200
http://www.espn.com/nba/team/_/name/mia/miami-heat,200
http://www.espn.com/nba/story/_/page/Basketball-Power-Index/espn-nba-basketball-power-index,200
http://www.espn.com/blog/nba/rumors/insider/,200
http://www.espn.com/nba/team/_/name/gs/golden-state-warriors,200
http://www.espn.com/nba/story/_/id/17686206/philadelphia-76ers-rookie-ben-simmons-surgery-foot-next-week,200
http://www.espn.com/blog/new-orleans-pelicans/post/_/id/560/buddy-hield-pelicans-get-off-to-a-fast-start-in-preseason,200
http://www.espn.com/nba/story/_/id/17674363/nba-los-angeles-clippers-get-ready-lob-city-sixth-last-edition,200
http://www.espn.com/blog/san-antonio-spurs/post/_/id/1002/what-follows-tim-duncan-spurs-keep-eyes-on-the-prize,200
http://www.espn.com/nba/powerrankings,200
http://www.espn.com/blog/new-york/knicks/post/_/id/65309/jeff-hornacek-says-kristaps-porzingis-shot-has-improved-greatly,200
http://www.espn.com/nba/stephen-curry/,200
http://www.espn.com/nba/story/_/page/summerleagueindex16/2016-nba-summer-league-coverage,200
http://www.espn.com/nba/story/_/id/17675910/how-russell-westbrook-solo-act-play-oklahoma-city-kevin-durant,200
http://www.espn.com/nba/history/leaders,200
http://www.espn.com/nba/lines,200
http://www.espn.com/blog/San-Antonio-Spurs/post/_/id/1013/the-next-evolution-of-kawhi-leonards-game-leadership,200
http://www.espn.com/blog/houston-rockets/post/_/id/2841/rockets-new-look-offense-looks-good-in-opening-victory,200
http://www.espn.com/nba/story/_/page/tradetracker2016/trade-tracker-2016,200
http://www.espn.com/blog/new-york/knicks/post/_/id/65298/knicks-derrick-rose-getting-used-to-foreign-triangle-offense,200
http://www.espn.com/nba/story/_/id/17700054/nbpa-health-screening-evaluates-40-former-players,200
http://www.espn.com/nba/statistics/rpm/_/sort/RPM,200
http://www.espn.com/nba/story/_/id/17688507/toronto-raptors-interlock-arms-national-anthems-ahead-preseason-opener-vs-golden-state-warriors,200
http://www.espn.com/fantasy/basketball/story/_/id/17707309/fantasy-basketball-bold-predictions-2016-17-nba,200
http://www.espn.com/nba/story/_/id/17701047/yao-ming-upcoming-houston-rockets-jersey-retirement-just-happened-too-soon,200
http://www.espn.com/nba/schedule,200
http://www.espn.com/blog/boston/celtics/post/_/id/4724094/al-horford-to-isaiah-thomas-im-here-to-make-things-easier-for-you,200
http://www.espn.com/blog/boston/celtics/post/_/id/4724104/avery-bradley-i-should-always-be-in-defensive-player-of-the-year-conversation,200
http://www.espn.com/nba/players,200
http://www.espn.com/nba/history/awards,200
http://www.espn.com/nba/transactions,200
http://www.espn.com/blog/boston/celtics/post/_/id/4724113/something-in-reserve-celtics-second-unit-besting-starters-early-in-camp,200
http://www.espn.com/nba/statistics,200
http://www.espn.com/nba/team/_/name/hou/houston-rockets,200
http://www.espn.com/nba/team/_/name/ny/new-york-knicks,200
http://www.espn.com/nba/story/_/page/BPI-Playoff-Odds/espn-nba-basketball-power-index-playoff-odds,200
http://www.espn.com/nba/player/_/id/1966/lebron-james,200
http://www.espn.com/blog/chicago/bulls/post/_/id/23405/dwyane-wades-leadership-paying-early-dividends-in-camp-for-bulls,200
http://www.espn.com/blog/cleveland-cavaliers/post/_/id/3095/lebron-sits-mike-dunleavy-impresses-in-cavs-scrimmage,200
http://www.espn.com/fantasy/basketball/story/_/id/17654806/top-200-fantasy-basketball,200
http://www.espn.com/blog/los-angeles/lakers/post/_/id/43319/in-wake-of-ben-simmons-injury-brandon-ingram-says-hes-cautious-with-weight-gain-to-prevent-injuries,200
http://www.espn.com/mlb/huntforoctober,200
http://www.espn.com/espnradio/podcast/archive?id=2386164,200
http://www.espn.com/mlb/team/_/name/phi/philadelphia-phillies,200
http://www.espn.com/mlb/player/_/id/32150/trevor-story,200
http://www.espn.com/blog/sweetspot/post/_/id/74422/battle-tested-blue-jays-primed-for-postseason-challenges,200
http://www.espn.com/mlb/story/_/id/17705559/atlanta-braves-plan-manager-interviews-bud-black-ron-washington,200
http://www.espn.com/mlb/player/_/id/33203/jon-gray,200
http://www.espn.com/blog/chicago/cubs/post/_/id/41819/chicago-cubs-are-approaching-postseason-roster-decisions,200
http://www.espn.com/blog/baltimore-orioles/post/_/id/1433/orioles-clinch-wild-card-time-to-hand-the-ball-to-ubaldo,200
http://www.espn.com/mlb/story/_/page/cuba_homepage/mlb-returns-cuba,200
http://www.espn.com/blog/st-louis-cardinals/post/_/id/2675/cardinals-left-to-dwell-on-a-seasons-worth-of-regrets,200
http://www.espn.com/blog/baltimore-orioles/post/_/id/1444/battery-powered-orioles-headed-to-playoffs,200
http://www.espn.com/mlb/team/_/name/atl/atlanta-braves,200
http://www.espn.com/mlb/team/_/name/chc/chicago-cubs,200
http://www.espn.com/mlb/standings,200
http://www.espn.com/mlb/player/_/id/31084/charlie-blackmon,200
http://www.espn.com/mlb/story/_/page/cubschase/the-chicago-cubs-chase,200
http://www.espn.com/mlb/scoreboard,200
http://www.espn.com/mlb/team/_/name/wsh/washington-nationals,200
http://www.espn.com/mlb/news/story?page=mlb_calendar,200
http://www.espn.com/mlb/story/_/id/17704362/philadelphia-phillies-fire-hitting-coach-steve-henderson,200
http://www.espn.com/mlb/schedule,200
http://www.espn.com/blog/chicago/cubs/post/_/id/41806/cubs-playoff-week-four-things-to-know,200
http://www.espn.com/fantasy/baseball/,200
http://www.espn.com/mlb/story/_/id/12610785/mlb-writers,200
http://www.espn.com/mlb/team/_/name/bal/baltimore-orioles,200
http://www.espn.com/blog/los-angeles/dodger-report/post/_/id/21747/dodgers-run-gamut-in-2016-take-aim-at-nationals-now,200
http://www.espn.com/mlb/transactions,200
http://www.espn.com/blog/los-angeles/dodger-report/post/_/id/21740/honored-in-his-exit-vin-scullys-voice-will-be-missed,200
http://www.espn.com/mlb/story/_/id/17700972/stephen-strasburg-washington-nationals-play-nlds,200
http://www.espn.com/blog/boston/red-sox/post/_/id/51145/david-ortiz-testimonials-paint-picture-of-a-mentor-friend-and-respected-foe,200
http://www.espn.com/blog/sweetspot/post/_/id/74406/what-we-learned-giants-are-in-and-now-they-can-win-it-all,200
http://www.espn.com/blog/sweetspot/,200
http://www.espn.com/mlb/player/_/id/28658/carlos-gonzalez,200
http://www.espn.com/mlb/story/_/page/tradedeadline_homepage/mlb-trade-deadline-2016,200
http://www.espn.com/mlb/statistics,200
http://www.espn.com/mlb/story/_/page/2016BBTN100_10-1/players-ranked-10-1,200
http://www.espn.com/blog/sweetspot/post/_/id/74391/giants-earn-wild-card-look-to-build-on-even-year-magic,200
http://www.espn.com/mlb/story/_/id/15999883/2016-mlb-first-year-player-draft,200
http://www.espn.com/mlb/story/_/page/wintermeetings15_homepage/mlb-winter-meetings-2015,200
http://www.espn.com/mlb/player/_/id/30765/dj-lemahieu,200
http://www.espn.com/mlb/teams,200
http://www.espn.com/blog/statsinfo/post/_/id/124662/the-week-in-interesting-and-unusual-stats-5,200
http://www.espn.com/mlb/story/_/page/seasonpreview_homepage/2016-mlb-season-preview,200
http://www.espn.com/mlb/playoffs2015/story/_/page/playoffs15_home/2015-mlb-postseason,200
http://www.espn.com/mlb/players,200
http://www.espn.com/blog/sweetspot/post/_/id/74416/felix-hernandez-insists-age-not-a-factor-in-disappointing-season,200
http://www.espn.com/mlb/freeagents,200
http://www.espn.com/mlb/team/_/name/chw/chicago-white-sox,200
http://www.espn.com/mlb/notebook/_/page/Ballparks/ballparks,200
http://www.espn.com/nba/team/transactions/_/name/lac,200
http://www.espn.com/blog/nba/post/_/id/23876/thursdays-clippers-news-marreese-speights-finds-new-home-in-la,200
http://www.espn.com/nba/team/_/name/gs,200
http://www.espn.com/nba/statistics/team/_/stat/team-comparison-per-game,200
http://www.espn.com/nba/game?gameId=400899178,200
http://www.espn.com/nba/team/_/name/phx,200
http://www.espn.com/nba/team/roster/_/name/lac,200
http://www.espn.com/video/clip?id=17654609,200
http://www.espn.com/nba/game?gameId=400905359,200
http://www.espn.com/blog/nba/rumors/post/_/id/39454/nba-rumor-central-clippers-sf-spot-open-for-competition,200
http://www.espn.com/nba/team/schedule/_/name/lac,200
http://www.espn.com/nba/game?gameId=400903190,200
http://www.espn.com/nba/team/depth/_/name/lac,200
http://www.espn.com/blog/nba/post/_/id/23933/fridays-clippers-news-blake-griffin-plans-to-shoot-more-3-pointers-this-season,200
http://www.espn.com/video/clip?id=17653249,200
http://www.espn.com/los-angeles/,200
http://www.espn.com/blog/nba/post/_/id/23804/wednesdays-clippers-news-blake-griffin-healthy-hungry-for-new-season,200
http://www.espn.com/blog/los-angeles-clippers/post/_/id/8128/class-in-session-kevin-garnett-delivers-hoop-lessons-to-clippers,200
http://www.espn.com/nba/story/_/id/17646364/doc-rivers-los-angeles-clippers-see-gap-golden-state-warriors,200
http://www.espn.com/nba/team/_/name/lac,200
http://www.espn.com/nba/team/photos/_/name/lac,200
http://www.espn.com/nba/team/rankings/_/name/lac,200
http://www.espn.com/video/clip?id=17671997,200
http://www.espn.com/nba/team/_/name/lal,200
http://www.espn.com/nba/team/stadium/_/name/lac,200
http://www.espn.com/nba/team/stats/_/name/lac,200
http://www.espn.com/blog/nba/post/_/id/23748/tuesdays-clippers-news-players-believe-they-can-win-nba-title,200
http://www.espn.com/nba/story/_/id/17646649/nba-coaches-players-speak-anthem-protests-racial-violence-us,200
http://www.espn.com/nba/team/_/name/sac,200
