http://www.espn.com/,21312,192,text/html;charset=UTF-8
http://www.espn.com/espn/otl/story/_/id/17704400/us-supreme-court-decision-not-take-ed-obannon-ncaa-case-does-not-end-paying-player-debate,7383,71,text/html;charset=UTF-8
http://www.espn.com/golf/story/_/id/17681582/ryder-cup-2016-our-most-memorable-moments-hazeltine,9242,107,text/html;charset=UTF-8
http://www.espn.com/nfl/story/_/id/17705692/johnny-manziel-files-paperwork-protect-rights-johnny-football,3549,98,text/html;charset=UTF-8
http://www.espn.com/mlb/story/_/id/17687223/who-win-world-series-not-think,13950,139,text/html;charset=UTF-8
http://www.espn.com/golf/rydercup16/story/_/id/17694377/four-ball-patrick-reed-rules-other-things-learned-us-ryder-cup-victory,9040,118,text/html;charset=UTF-8
http://www.espn.com/wwe/,11866,122,text/html;charset=UTF-8
http://www.espn.com/nba/team/_/name/chi/chicago-bulls,10402,160,text/html;charset=UTF-8
http://www.espn.com/moresports/story/_/page/LittleLeagueWorldSeries/little-league-world-series-espn,17572,158,text/html;charset=UTF-8
http://www.espn.com/olympics/,21056,169,text/html;charset=UTF-8
http://www.espn.com/watchespn/index,9365,112,text/html; charset=iso-8859-1
http://www.espn.com/racing/,10415,117,text/html;charset=UTF-8
http://www.espn.com/extra/specialolympics/,7437,253,text/html; charset=iso-8859-1
http://www.espn.com/esports/,13978,125,text/html;charset=UTF-8
http://www.espn.com/blog/minnesota-vikings/post/_/id/20531/the-stunning-three-year-transformation-of-the-vikings-defense,16858,153,text/html;charset=UTF-8
http://www.espn.com/blog/onenacion/post/_/id/5496/what-it-means-to-be-a-truly-bilingual-bicultural-latino-sports-fan,6539,93,text/html;charset=UTF-8
http://www.espn.com/chalk/,15600,218,text/html;charset=UTF-8
http://www.espn.com/video/clip?id=17705834,1793,69,text/html;charset=UTF-8
http://www.espn.com/mlb/story/_/id/17707145/gm-dave-stewart-manager-chip-hale-fired-arizona-diamondbacks,6502,143,text/html;charset=UTF-8
http://www.espn.com/blog/big12/post/_/id/115214/after-another-coordinator-move-charlie-strongs-job-on-line-at-texas,8021,137,text/html;charset=UTF-8
http://www.espn.com/nfl/story/_/id/17696419/julio-jones-sets-atlanta-falcons-mark-300-yard-game,7197,140,text/html;charset=UTF-8
http://www.espn.com/fantasy/,11488,134,text/html;charset=UTF-8
http://www.espn.com/mens-college-basketball/,17118,210,text/html;charset=UTF-8
http://www.espn.com/nfl/insider/story/_/id/17695819/jon-gruden-mnf-preview-matchup-minnesota-vikings-qb-sam-bradford-new-york-giants-steve-spagnuolo,6157,144,text/html;charset=UTF-8
http://www.espn.com/mma/,13664,237,text/html;charset=UTF-8
http://www.espn.com/mlb/story/_/page/playoffs16_myths/the-biggest-myths-october-baseball-debunked,11888,147,text/html;charset=UTF-8
http://www.espn.com/college-football/story/_/id/17707079/penn-state-kicker-joey-julius-admits-sought-treatment-eating-disorder,6202,122,text/html;charset=UTF-8
http://www.espn.com/mlb/story/_/id/17703586/chicago-white-sox-name-rick-renteria-new-manager,5447,138,text/html;charset=UTF-8
http://www.espn.com/college-football/,20278,220,text/html;charset=UTF-8
http://www.espn.com/blog/nflnation/post/_/id/216598/that-time-the-browns-recovered-a-fumble-and-no-one-noticed,11457,149,text/html;charset=UTF-8
http://www.espn.com/nhl/,16113,212,text/html;charset=UTF-8
http://www.espn.com/mlb/playoffs2015/story/_/page/playoffs16_expertpredictions/espn-experts-make-their-predictions-mlb-playoffs,6532,148,text/html;charset=UTF-8
http://www.espn.com/nfl/team/_/name/wsh/washington-redskins,8658,198,text/html;charset=UTF-8
http://www.espn.com/blog/los-angeles-rams/post/_/id/31034/case-keenum-keeps-winning-jared-goff-remains-on-the-bench,5752,131,text/html;charset=UTF-8
http://www.espn.com/video/clip?id=17703918,2113,74,text/html;charset=UTF-8
http://www.espn.com/blog/seattle-seahawks/post/_/id/22305/pete-carroll-russell-wilson-critics-dont-know-what-theyre-talking-about,6102,132,text/html;charset=UTF-8
http://www.espn.com/nba/story/_/id/17705863/cleveland-cavaliers-forward-lebron-james-explained-why-wrote-op-ed-support-hillary-clinton-president,10155,141,text/html;charset=UTF-8
http://www.espn.com/boxing/,16099,207,text/html;charset=UTF-8
http://www.espn.com/horse-racing/,10186,121,text/html;charset=UTF-8
http://www.espn.com/womens-basketball/,16175,223,text/html;charset=UTF-8
http://www.espn.com/video/clip?id=17703510,2559,80,text/html;charset=UTF-8
http://www.espn.com/blog/bigten/post/_/id/137191/michigan-not-on-ohio-states-level-yet-but-wolverines-have-time-to-get-there,9085,150,text/html;charset=UTF-8
http://www.espn.com/nba/,19546,228,text/html;charset=UTF-8
http://www.espn.com/nfl/story/_/page/barnwellx161003/the-denver-broncos-cruising-carolina-panthers-struggling-long-super-bowl-50-nfl,23094,154,text/html;charset=UTF-8
http://www.espn.com/nfl/story/_/id/17705839/cam-newton-carolina-panthers-not-cleared-concussion-protocol-game-vs-tampa-bay-buccaneers,6528,119,text/html;charset=UTF-8
http://www.espn.com/nba/insider/story/_/id/17496331/nba-future-power-rankings-kevin-pelton-chad-ford-project-best-teams-next-three-years,5010,151,text/html;charset=UTF-8
http://www.espn.com/college-sports/basketball/recruiting/index,12678,319,text/html; charset=iso-8859-1
http://www.espn.com/nfl/story/_/id/17700993/nfl-week-4-lessons-learned-2016,10056,138,text/html;charset=UTF-8
http://www.espn.com/espn/otl/story/_/id/17693288/tennis-pristine-image-performance-enhancing-drugs-which-no-accident,27652,67,text/html;charset=UTF-8
http://www.espn.com/blog/denver-broncos/post/_/id/22657/broncos-keep-eye-on-trevor-siemians-shoulder-but-keep-on-winning,6973,130,text/html;charset=UTF-8
http://www.espn.com/nfl/story/_/id/17707080/josh-norman-washington-redskins-takes-jab-carolina-panthers-performance-julio-jones,8144,140,text/html;charset=UTF-8
http://www.espn.com/blog/nflnation,8446,162,text/html;charset=UTF-8
http://www.espn.com/golf/,14688,218,text/html;charset=UTF-8
http://www.espn.com/blog/carolina-panthers/post/_/id/22633/julio-jones-300-yard-game-against-panthers-leads-to-what-if-josh-norman-were-here-questions,7538,135,text/html;charset=UTF-8
http://www.espn.com/college-football/insider/story/_/id/17698872/better-alabama-crimson-tide-ohio-state-buckeyes-clemson-tigers-michigan-wolverines,4917,135,text/html;charset=UTF-8
http://www.espn.com/tennis/,13677,194,text/html;charset=UTF-8
http://www.espn.com/mlb/,18012,254,text/html;charset=UTF-8
http://www.espn.com/mlb/story/_/page/2016mlbpowerrankings_week26/mlb-ranking-mlb-teams-26-weeks,17583,272,text/html;charset=UTF-8
http://www.espn.com/espnradio/index,10916,424,text/html; charset=iso-8859-1
http://www.espn.com/mlb/story/_/id/17704088/walt-weiss-steps-4-seasons-manager-colorado-rockies,6375,141,text/html;charset=UTF-8
http://www.espn.com/mlb/playoffs2015/story/_/page/playoffs16_ALWC5Qs/toronto-blue-jays-contain-baltimore-orioles-offense,9258,153,text/html;charset=UTF-8
http://www.espn.com/blog/atlanta-falcons/post/_/id/22849/inside-the-record-setting-numbers-of-julio-jones-matt-ryan,5661,133,text/html;charset=UTF-8
http://www.espn.com/nfl/story/_/id/17704482/richie-incognito-taunts-bill-belichick-win-new-england,3953,124,text/html;charset=UTF-8
http://www.espn.com/nfl/story/_/id/17707505/buffalo-bills-coach-rex-ryan-says-was-messing-new-england-patriots,6093,131,text/html;charset=UTF-8
http://www.espn.com/nfl/story/_/id/17707479/patriots-players-say-seen-tom-brady-gillette-stadium,6391,134,text/html;charset=UTF-8
http://www.espn.com/college-football/story/_/id/17698637/flipping-field-watches-two-games-clemson-tigers-deshaun-watson-louisville-cardinals-lamar-jackson-saturday-remember,20986,151,text/html;charset=UTF-8
http://www.espn.com/blog/nflnation/post/_/id/216249/vikings-pass-rush-expected-to-give-eli-manning-giants-a-formidable-test,11186,158,text/html;charset=UTF-8
http://www.espn.com/mlb/story/_/page/playoffs16_schedule/2016-mlb-playoff-schedule,5070,125,text/html;charset=UTF-8
http://www.espn.com/blog/pac12/post/_/id/104545/oregon-to-wear-webfoots-uniform-against-washington,4503,139,text/html;charset=UTF-8
http://www.espn.com/espn/feature/story/_/id/17671554/phil-coyne-pittsburgh-98-year-old-usher,8390,15,text/html
http://www.espn.com/nba/story/_/id/17690564/nba-jimmy-butler-ready-spotlight,15689,149,text/html;charset=UTF-8
http://www.espn.com/video/clip?id=17706318,2124,74,text/html;charset=UTF-8
http://www.espn.com/college-sports/,13113,126,text/html;charset=UTF-8
http://www.espn.com/blog/statsinfo/post/_/id/124690/best-and-worst-qb-performances-from-week-4,4923,79,text/html;charset=UTF-8
http://www.espn.com/nfl/,17697,225,text/html;charset=UTF-8
http://www.espn.com/endurance/,11250,111,text/html;charset=UTF-8
http://www.espn.com/golf/rydercup16/story/_/id/17693836/ryder-cup-2016-how-bold-changes-helped-americans-end-cup-drought,8134,113,text/html;charset=UTF-8
http://www.espn.com/college-football/story/_/id/17701529/lsu-tigers-ed-orgeron-starts-dream-job-audition-win,15690,106,text/html;charset=UTF-8
http://www.espn.com/nfl/story/_/id/17700077/dez-bryant-dallas-cowboys-response-america-most-hated,5958,99,text/html;charset=UTF-8
http://www.espn.com/college-sports/football/recruiting/,22827,697,text/html; charset=iso-8859-1
http://www.espn.com/golf/rydercup16/story/_/id/17693837/davis-love-iii-strikes-perfect-balance-us-ryder-cup-victory,11399,122,text/html;charset=UTF-8
http://www.espn.com/video/clip?id=17706666,2496,79,text/html;charset=UTF-8
http://www.espn.com/racing/nascar/,15859,227,text/html;charset=UTF-8
http://www.espn.com/mlb/team/_/name/chw/chicago-white-sox,9517,166,text/html;charset=UTF-8
http://www.espn.com/mlb/team/_/name/chc/chicago-cubs,9001,168,text/html;charset=UTF-8
http://www.espn.com/college-sports/story/_/id/17703790/supreme-court-rejects-ncaa-appeal-antitrust-ruling,4992,104,text/html;charset=UTF-8
http://www.espn.com/nfl/story/_/id/17636431/nfl-2016-week-4-power-rankings-denver-broncos-new-england-patriots-seattle-seahawks,15576,213,text/html;charset=UTF-8
http://www.espn.com/nfl/game?gameId=400874662,8886,112,text/html;charset=UTF-8
http://www.espn.com/blog/cleveland-browns,3835,128,text/html;charset=UTF-8
http://www.espn.com/nfl/schedule,4146,278,text/html;charset=UTF-8
http://www.espn.com/blog/jacksonville-jaguars,7147,140,text/html;charset=UTF-8
http://www.espn.com/fantasy/football/,9172,129,text/html;charset=UTF-8
http://www.espn.com/blog/oakland-raiders,2766,119,text/html;charset=UTF-8
http://www.espn.com/blog/dallas-cowboys,3079,124,text/html;charset=UTF-8
http://www.espn.com/blog/new-york-giants,8172,160,text/html;charset=UTF-8
http://www.espn.com/blog/nfl/rumors,4244,101,text/html;charset=UTF-8
http://www.espn.com/blog/afcwest,6945,142,text/html;charset=UTF-8
http://www.espn.com/blog/atlanta-falcons,2959,121,text/html;charset=UTF-8
